,class,b1,b2,b3,b4,b5,b6,b7,b8,b9,pred_minus_obs_H_b1,pred_minus_obs_H_b2,pred_minus_obs_H_b3,pred_minus_obs_H_b4,pred_minus_obs_H_b5,pred_minus_obs_H_b6,pred_minus_obs_H_b7,pred_minus_obs_H_b8,pred_minus_obs_H_b9,pred_minus_obs_S_b1,pred_minus_obs_S_b2,pred_minus_obs_S_b3,pred_minus_obs_S_b4,pred_minus_obs_S_b5,pred_minus_obs_S_b6,pred_minus_obs_S_b7,pred_minus_obs_S_b8,pred_minus_obs_S_b9,N
0,s ,-2964,-7800,-7560,-2740,-3300,-2799,-4750,-7155,-6576,3456,6844,7528,2501,3447,2981,2889,5164,4828,-3964,167,736,-4761,-5111,-5448,-5344,-2664,-3000,190
1,s ,-2280,-7560,-7452,-2603,-4200,-2488,-570,-6625,-5754,2996,6776,7590,2421,4362,2742,773,4760,4240,-4896,280,80,1701,-96,408,-2676,-1170,-2304,174
2,s ,-2964,-7920,-7560,-2329,-4800,-3421,-4560,-7685,-6850,3516,6953,7527,2381,4956,3585,2852,5588,5046,-3456,-280,-576,-2556,-5040,-3828,-4024,-2925,-3544,185
3,h ,2736,-7200,-6912,959,-4500,-933,1710,-6095,-4384,-1178,6641,7528,182,5334,2247,-720,5420,4242,-3776,-5530,-7432,-1467,-6840,-5604,-1384,-5976,-5976,134
4,s ,-2280,-7680,-7560,-2740,-4200,-3732,-1900,-6625,-5480,3094,6961,7774,2553,4380,4008,1576,4756,4052,-4624,-1449,-2120,191,-2496,-1344,-3204,-1287,-2208,167
5,h ,912,-6840,-6480,-685,-4500,-4665,2470,-6890,-5480,-1948,6241,5933,2134,4692,4392,-1648,6284,5200,-124,-5495,-2279,-4071,-2112,-1044,208,-6354,-6128,83
6,s ,-4104,-7320,-7128,-4521,-5700,-6220,-2660,-6890,-6302,3162,6118,6491,3687,5925,6318,1407,5228,4880,-6744,112,-2096,129,-1776,-4140,-5036,792,168,51
7,h ,3648,-6960,-6696,-137,-3900,-3421,3610,-6625,-4384,-3596,6640,6508,2269,4455,4164,-1146,5850,4130,-1644,-7441,-5240,-5019,-4320,-4380,-3836,-5157,-4840,53
8,s ,-1824,-7560,-7452,-2329,-4800,-3110,-3420,-6625,-6028,2516,6564,7331,2069,4929,3171,2191,4772,4448,-4024,-315,288,-228,312,-131,-2396,189,-1384,147
9,s ,-1368,-7560,-7452,-2192,-4800,-2799,-3230,-7155,-5754,2094,6635,7479,1919,4953,3060,2039,5098,4170,-3028,-889,168,405,-1272,-192,-2084,-477,-1584,156
10,s ,-3420,-7800,-7560,-3562,-5400,-5909,-4560,-6890,-6576,2424,6538,6903,3050,5610,5898,2256,5202,4962,-2304,-966,-1824,-2406,-744,-3276,-1480,-2619,-2912,120
11,s ,-1140,-7800,-7560,-1918,-6300,-4354,-1330,-6625,-5754,2148,7120,8105,2037,6936,5358,842,5424,4844,-2431,-5614,-7128,270,-4440,-4020,-264,-4194,-4104,130
12,s ,-3876,-7920,-7884,-2192,-6300,-4665,-2090,-6890,-5754,2886,6697,7272,2024,6519,4722,930,5244,4396,-1288,-1680,864,1365,384,852,-2480,-2538,-3944,116
13,s ,-2736,-6840,-6696,-2603,-1500,-2488,-1140,-5035,-3288,950,6083,6138,1993,1914,2772,344,3870,2454,1028,7441,7432,4626,8064,7608,-640,7965,7448,123
14,s ,-2964,-7560,-7668,-2740,-6000,-4976,-3610,-6625,-5754,3402,6389,7328,2779,6483,6024,2312,4736,4244,-4968,-1666,-1576,-1380,-144,-2160,-3172,-189,-2160,6
15,s ,-684,-7560,-7344,-1918,-5700,-4354,-1330,-6890,-6028,1244,6595,7319,1992,5916,4614,924,5104,4526,-2212,-2170,-2416,1068,-1392,-1452,32,-945,-1792,140
16,s ,-2280,-7560,-7452,-2192,-5700,-3732,-4180,-6890,-6028,1802,6419,7166,1439,5958,4020,1963,4916,4366,-1664,-1162,608,63,-360,-264,548,-207,-560,79
17,h ,2280,-7440,-7128,274,-6000,-4354,2470,-6890,-5480,-2018,6360,6628,1479,6285,4227,-973,5172,4048,-3396,-4018,-3752,-5115,-5304,-4044,-3232,-1872,-2088,195
18,h ,1140,-7560,-7128,137,-5700,-2799,-380,-6095,-3836,-1412,6484,7165,-149,6285,4167,-45,4216,2958,-1600,-3409,-6504,1161,-4656,-6600,-784,-1134,-3120,19
19,s ,-1368,-7680,-7452,-2055,-6300,-5598,-2470,-6625,-5754,1758,6459,6943,2460,6573,6027,1694,5008,4498,-3276,-2387,-2744,-1419,-984,-2891,-1899,-1835,-2472,52
20,h ,3876,-7440,-6912,822,-4200,-1866,950,-6890,-4658,-2264,6785,7191,40,4401,2250,191,4940,3468,-4712,-2107,-2168,-735,-2472,-1896,-4048,-1215,-2392,165
21,h ,228,-7560,-7128,-959,-6000,-5287,760,-6890,-5206,-1550,6214,6344,1420,6357,5529,-1296,4878,3580,-12,-1666,-1752,-1932,-4560,-4212,2660,135,-360,103
22,s ,-3192,-7440,-7344,-3699,-5700,-4976,-5130,-6095,-4932,2214,6211,6973,2561,6435,6207,2428,4398,3780,-4700,-567,-984,-885,1368,-528,-1704,999,-1000,22
23,h ,-2964,-7920,-7560,-822,-6600,-5909,-3420,-7420,-6576,1148,6410,6723,-1096,6192,4563,-16,4796,4032,-1572,-742,-592,2628,864,1716,3384,441,640,64
24,s ,-2508,-7440,-7452,-2740,-6600,-5909,-4560,-7155,-6302,610,6229,6620,1775,6828,5547,2101,5394,4676,-52,-3087,-1760,245,-2712,-708,820,441,-1192,118
25,h ,-228,-7680,-7236,-411,-6300,-3732,-190,-6360,-4110,-948,6429,6883,90,6906,4956,-984,4396,2812,-132,-1771,-872,687,-2448,-3191,3060,225,-480,23
26,h ,2052,-7560,-7128,822,-6600,-4043,570,-6625,-4384,-928,6198,6622,-356,6885,4635,55,4774,3448,-4728,-2016,-5080,-552,-4248,-5820,-2484,-909,-2504,69
27,h ,3648,-7560,-7128,1233,-4800,-2177,950,-6625,-4658,-2240,6655,7222,-604,5001,2622,-165,4608,3298,-3884,-1134,-440,-122,-1920,-1836,-2540,-153,-1456,148
28,h ,-684,-7680,-7236,-1233,-6900,-4665,-2280,-6890,-5480,-979,6298,6465,217,7059,4427,512,5018,4024,-656,-1393,-1936,2601,-2592,-2291,1148,-225,-1032,58
29,h ,1596,-7560,-7236,274,-6600,-4665,190,-7155,-5206,-1778,6241,6588,83,6627,4737,-298,5238,3762,-2816,-1785,-1640,-1677,-2784,-4524,-2052,-1197,-1896,151
30,h ,228,-7560,-7236,137,-7200,-6531,380,-6890,-5754,48,5941,6123,162,7239,5937,83,4886,4118,-3132,-616,-416,-618,-2856,-1680,-1627,-495,-1136,105
31,s ,228,-7680,-7236,0,-5700,-3110,-1520,-6890,-4384,-188,6387,6845,79,6066,3801,655,4888,3176,3640,-602,3352,3210,-672,2832,3244,-261,1104,49
32,h ,684,-7680,-7236,-548,-6000,-4043,-2090,-6890,-5206,-1586,6501,6944,-491,6093,3987,488,4768,3504,-2076,-1708,-2488,966,-1704,-1296,-612,-1025,-1080,109
33,h ,912,-7680,-7344,-137,-6600,-5287,380,-7155,-5206,-1521,6206,6479,158,6405,4926,-624,4954,3554,-2244,-1281,-848,-525,-1128,-3168,-520,216,-936,173
34,h ,684,-7560,-7020,-411,-6900,-5598,-380,-7155,-5480,-970,6086,6172,81,6831,5016,-1,5144,4052,-2095,-616,-864,861,-984,-852,-264,27,-1360,102
35,h ,1140,-7440,-6912,-548,-6300,-3732,-1520,-6095,-4110,-1548,6204,6571,137,7278,5217,733,4542,3474,-2768,-1148,-928,108,-3936,-3384,-1735,-477,-2799,25
36,s ,-228,-7680,-7236,-1233,-6300,-4354,-1140,-6095,-4932,-396,6415,6870,956,6819,5337,196,4300,3594,1460,-1680,176,4152,936,1248,3852,243,-120,33
